,months,R2,F2,P2
41677,35.2,64,100,100
9936,28.1666666667,6,100,100
941,27.5333333333,1,100,100
40463,34.8333333333,61,99,100
1291,27.5333333333,1,99,100
27211,31.1333333333,31,98,100
644,27.5,1,98,100
6862,27.9333333333,4,96,100
24130,30.4333333333,25,95,100
5419,27.7333333333,3,94,100
